[{"Province":"DAVAO-DEL-NORTE","City":"TAGUM-CITY","CountyArea":"PANDAPAN","DestinationCode":"20581","SixWordCode":""},{"Province":"DAVAO-DEL-NORTE","City":"ISLAND-GARDEN-CITY-OF-SAMAL","CountyArea":"PANGUBATAN (TALICOD I)","DestinationCode":"20437","SixWordCode":""},{"Province":"DAVAO-DEL-NORTE","City":"DAVAO-DEL-NORTE-SANTO-TOMAS","CountyArea":"PANTARON","DestinationCode":"20555","SixWordCode":""},{"Province":"DAVAO-DEL-NORTE","City":"PANABO-CITY","CountyArea":"A. O. FLOIRENDO","DestinationCode":"20491","SixWordCode":""},{"Province":"DAVAO-DEL-NORTE","City":"NEW-CORELLA","CountyArea":"CARCOR","DestinationCode":"20472","SixWordCode":""},{"Province":"DAVAO-DEL-NORTE","City":"PANABO-CITY","CountyArea":"CACAO","DestinationCode":"20493","SixWordCode":""},{"Province":"DAVAO-DEL-NORTE","City":"KAPALONG","CountyArea":"CAPUNGAGAN","DestinationCode":"20457","SixWordCode":""},{"Province":"DAVAO-DEL-NORTE","City":"ISLAND-GARDEN-CITY-OF-SAMAL","CountyArea":"CAMUDMUD","DestinationCode":"20418","SixWordCode":""},{"Province":"DAVAO-DEL-NORTE","City":"ASUNCION","CountyArea":"CANATAN","DestinationCode":"20373","SixWordCode":""},{"Province":"DAVAO-DEL-NORTE","City":"TAGUM-CITY","CountyArea":"CANOCOTAN","DestinationCode":"20566","SixWordCode":""},{"Province":"DAVAO-DEL-NORTE","City":"KAPALONG","CountyArea":"PAG-ASA","DestinationCode":"20466","SixWordCode":""},{"Province":"DAVAO-DEL-NORTE","City":"TAGUM-CITY","CountyArea":"PAGSABANGAN","DestinationCode":"20580","SixWordCode":""},{"Province":"DAVAO-DEL-NORTE","City":"TALAINGOD","CountyArea":"PALMA GIL","DestinationCode":"20587","SixWordCode":""},{"Province":"DAVAO-DEL-NORTE","City":"ASUNCION","CountyArea":"PAMACAUN","DestinationCode":"20381","SixWordCode":""},{"Province":"DAVAO-DEL-NORTE","City":"TAGUM-CITY","CountyArea":"NUEVA FUERZA","DestinationCode":"20579","SixWordCode":""},{"Province":"DAVAO-DEL-NORTE","City":"ISLAND-GARDEN-CITY-OF-SAMAL","CountyArea":"TAGBAY","DestinationCode":"20451","SixWordCode":""},{"Province":"DAVAO-DEL-NORTE","City":"NEW-CORELLA","CountyArea":"POBLACION","DestinationCode":"20484","SixWordCode":""},{"Province":"DAVAO-DEL-NORTE","City":"ISLAND-GARDEN-CITY-OF-SAMAL","CountyArea":"POBLACION (KAPUTIAN)","DestinationCode":"20439","SixWordCode":""},{"Province":"DAVAO-DEL-NORTE","City":"DAVAO-DEL-NORTE-SAN-ISIDRO","CountyArea":"PINAMUNO","DestinationCode":"20539","SixWordCode":""},{"Province":"DAVAO-DEL-NORTE","City":"ISLAND-GARDEN-CITY-OF-SAMAL","CountyArea":"SAN REMIGIO","DestinationCode":"20446","SixWordCode":""},{"Province":"DAVAO-DEL-NORTE","City":"ISLAND-GARDEN-CITY-OF-SAMAL","CountyArea":"TAGBAOBO","DestinationCode":"20450","SixWordCode":""},{"Province":"DAVAO-DEL-NORTE","City":"NEW-CORELLA","CountyArea":"SAN ROQUE","DestinationCode":"20486","SixWordCode":""},{"Province":"DAVAO-DEL-NORTE","City":"PANABO-CITY","CountyArea":"SAN ROQUE","DestinationCode":"20521","SixWordCode":""},{"Province":"DAVAO-DEL-NORTE","City":"ISLAND-GARDEN-CITY-OF-SAMAL","CountyArea":"TAGBITAN-AG","DestinationCode":"20452","SixWordCode":""},{"Province":"DAVAO-DEL-NORTE","City":"ISLAND-GARDEN-CITY-OF-SAMAL","CountyArea":"TAGDALIAO","DestinationCode":"20453","SixWordCode":""},{"Province":"DAVAO-DEL-NORTE","City":"PANABO-CITY","CountyArea":"TAGPORE","DestinationCode":"20527","SixWordCode":""},{"Province":"DAVAO-DEL-NORTE","City":"PANABO-CITY","CountyArea":"SINDATON","DestinationCode":"20525","SixWordCode":""},{"Province":"DAVAO-DEL-NORTE","City":"ASUNCION","CountyArea":"SAN VICENTE","DestinationCode":"20383","SixWordCode":""},{"Province":"DAVAO-DEL-NORTE","City":"PANABO-CITY","CountyArea":"SAN VICENTE","DestinationCode":"20522","SixWordCode":""},{"Province":"DAVAO-DEL-NORTE","City":"DAVAO-DEL-NORTE-SANTO-TOMAS","CountyArea":"SAN VICENTE","DestinationCode":"20559","SixWordCode":""},{"Province":"DAVAO-DEL-NORTE","City":"DAVAO-DEL-NORTE-SANTO-TOMAS","CountyArea":"TALOMO","DestinationCode":"20560","SixWordCode":""},{"Province":"DAVAO-DEL-NORTE","City":"DAVAO-DEL-NORTE-CARMEN","CountyArea":"SANTO NINO","DestinationCode":"20406","SixWordCode":""},{"Province":"DAVAO-DEL-NORTE","City":"ISLAND-GARDEN-CITY-OF-SAMAL","CountyArea":"SANTO NINO","DestinationCode":"20448","SixWordCode":""},{"Province":"DAVAO-DEL-NORTE","City":"NEW-CORELLA","CountyArea":"SANTO NINO","DestinationCode":"20489","SixWordCode":""},{"Province":"DAVAO-DEL-NORTE","City":"DAVAO-DEL-NORTE-SAN-ISIDRO","CountyArea":"SANTO NINO","DestinationCode":"20542","SixWordCode":""},{"Province":"DAVAO-DEL-NORTE","City":"TALAINGOD","CountyArea":"SANTO NINO","DestinationCode":"20588","SixWordCode":""},{"Province":"DAVAO-DEL-NORTE","City":"PANABO-CITY","CountyArea":"SANTO NINO (POB.)","DestinationCode":"20524","SixWordCode":""},{"Province":"DAVAO-DEL-NORTE","City":"NEW-CORELLA","CountyArea":"SUAWON","DestinationCode":"20490","SixWordCode":""},{"Province":"DAVAO-DEL-NORTE","City":"TAGUM-CITY","CountyArea":"SAN MIGUEL (CAMP 4)","DestinationCode":"20584","SixWordCode":""},{"Province":"DAVAO-DEL-NORTE","City":"PANABO-CITY","CountyArea":"SAN NICOLAS","DestinationCode":"20519","SixWordCode":""},{"Province":"DAVAO-DEL-NORTE","City":"PANABO-CITY","CountyArea":"SANTA CRUZ","DestinationCode":"20523","SixWordCode":""},{"Province":"DAVAO-DEL-NORTE","City":"PANABO-CITY","CountyArea":"SAN PEDRO","DestinationCode":"20520","SixWordCode":""},{"Province":"DAVAO-DEL-NORTE","City":"ISLAND-GARDEN-CITY-OF-SAMAL","CountyArea":"SANTA CRUZ (TALICOD II)","DestinationCode":"20447","SixWordCode":""},{"Province":"DAVAO-DEL-NORTE","City":"DAVAO-DEL-NORTE-SAN-ISIDRO","CountyArea":"SAWATA","DestinationCode":"20543","SixWordCode":""},{"Province":"DAVAO-DEL-NORTE","City":"DAVAO-DEL-NORTE-CARMEN","CountyArea":"TABA","DestinationCode":"20407","SixWordCode":""},{"Province":"DAVAO-DEL-NORTE","City":"NEW-CORELLA","CountyArea":"SANTA FE","DestinationCode":"20488","SixWordCode":""},{"Province":"DAVAO-DEL-NORTE","City":"ASUNCION","CountyArea":"SANTA FILOMENA","DestinationCode":"20384","SixWordCode":""},{"Province":"DAVAO-DEL-NORTE","City":"ISLAND-GARDEN-CITY-OF-SAMAL","CountyArea":"BANDERA","DestinationCode":"20416","SixWordCode":""},{"Province":"DAVAO-DEL-NORTE","City":"DAVAO-DEL-NORTE-CARMEN","CountyArea":"ASUNCION (CUATRO-CUATRO)","DestinationCode":"20393","SixWordCode":""},{"Province":"DAVAO-DEL-NORTE","City":"ISLAND-GARDEN-CITY-OF-SAMAL","CountyArea":"AUNDANAO","DestinationCode":"20414","SixWordCode":""},{"Province":"DAVAO-DEL-NORTE","City":"ISLAND-GARDEN-CITY-OF-SAMAL","CountyArea":"BALET","DestinationCode":"20415","SixWordCode":""},{"Province":"DAVAO-DEL-NORTE","City":"DAVAO-DEL-NORTE-CARMEN","CountyArea":"ANIBONGAN","DestinationCode":"20392","SixWordCode":""},{"Province":"DAVAO-DEL-NORTE","City":"ISLAND-GARDEN-CITY-OF-SAMAL","CountyArea":"ANONANG","DestinationCode":"20412","SixWordCode":""},{"Province":"DAVAO-DEL-NORTE","City":"ASUNCION","CountyArea":"BUCLAD","DestinationCode":"20368","SixWordCode":""},{"Province":"DAVAO-DEL-NORTE","City":"PANABO-CITY","CountyArea":"BUENAVISTA","DestinationCode":"20492","SixWordCode":""},{"Province":"DAVAO-DEL-NORTE","City":"ASUNCION","CountyArea":"CAMONING","DestinationCode":"20372","SixWordCode":""},{"Province":"DAVAO-DEL-NORTE","City":"ASUNCION","CountyArea":"CABAYWA","DestinationCode":"20369","SixWordCode":""},{"Province":"DAVAO-DEL-NORTE","City":"NEW-CORELLA","CountyArea":"CABIDIANAN","DestinationCode":"20471","SixWordCode":""},{"Province":"DAVAO-DEL-NORTE","City":"TAGUM-CITY","CountyArea":"BINCUNGAN","DestinationCode":"20564","SixWordCode":""},{"Province":"DAVAO-DEL-NORTE","City":"ASUNCION","CountyArea":"CAMANSA","DestinationCode":"20370","SixWordCode":""},{"Province":"DAVAO-DEL-NORTE","City":"DAVAO-DEL-NORTE-SANTO-TOMAS","CountyArea":"BOBONGON","DestinationCode":"20545","SixWordCode":""},{"Province":"DAVAO-DEL-NORTE","City":"PANABO-CITY","CountyArea":"CAGANGOHAN","DestinationCode":"20494","SixWordCode":""},{"Province":"DAVAO-DEL-NORTE","City":"TAGUM-CITY","CountyArea":"BUSAON","DestinationCode":"20565","SixWordCode":""},{"Province":"DAVAO-DEL-NORTE","City":"ISLAND-GARDEN-CITY-OF-SAMAL","CountyArea":"SAN JOSE (SAN LAPUZ)","DestinationCode":"20444","SixWordCode":""},{"Province":"DAVAO-DEL-NORTE","City":"DAVAO-DEL-NORTE-CARMEN","CountyArea":"SALVACION","DestinationCode":"20404","SixWordCode":""},{"Province":"DAVAO-DEL-NORTE","City":"PANABO-CITY","CountyArea":"SALVACION","DestinationCode":"20517","SixWordCode":""},{"Province":"DAVAO-DEL-NORTE","City":"DAVAO-DEL-NORTE-SANTO-TOMAS","CountyArea":"SALVACION","DestinationCode":"20556","SixWordCode":""},{"Province":"DAVAO-DEL-NORTE","City":"KAPALONG","CountyArea":"SAMPAO (BIENVENIDA)","DestinationCode":"20467","SixWordCode":""},{"Province":"DAVAO-DEL-NORTE","City":"DAVAO-DEL-NORTE-SANTO-TOMAS","CountyArea":"SAN MIGUEL","DestinationCode":"20558","SixWordCode":""},{"Province":"DAVAO-DEL-NORTE","City":"ISLAND-GARDEN-CITY-OF-SAMAL","CountyArea":"SAN AGUSTIN","DestinationCode":"20440","SixWordCode":""},{"Province":"DAVAO-DEL-NORTE","City":"PANABO-CITY","CountyArea":"SAN FRANCISCO (POB.)","DestinationCode":"20518","SixWordCode":""},{"Province":"DAVAO-DEL-NORTE","City":"ISLAND-GARDEN-CITY-OF-SAMAL","CountyArea":"SAN ANTONIO","DestinationCode":"20441","SixWordCode":""},{"Province":"DAVAO-DEL-NORTE","City":"DAVAO-DEL-NORTE-CARMEN","CountyArea":"SAN ISIDRO","DestinationCode":"20405","SixWordCode":""},{"Province":"DAVAO-DEL-NORTE","City":"TAGUM-CITY","CountyArea":"SAN ISIDRO","DestinationCode":"20583","SixWordCode":""},{"Province":"DAVAO-DEL-NORTE","City":"PANABO-CITY","CountyArea":"QUEZON","DestinationCode":"20516","SixWordCode":""},{"Province":"DAVAO-DEL-NORTE","City":"ISLAND-GARDEN-CITY-OF-SAMAL","CountyArea":"SAN ISIDRO (BABAK)","DestinationCode":"20442","SixWordCode":""},{"Province":"DAVAO-DEL-NORTE","City":"DAVAO-DEL-NORTE-SAN-ISIDRO","CountyArea":"SABANGAN","DestinationCode":"20540","SixWordCode":""},{"Province":"DAVAO-DEL-NORTE","City":"ASUNCION","CountyArea":"SAGAYEN","DestinationCode":"20382","SixWordCode":""},{"Province":"DAVAO-DEL-NORTE","City":"NEW-CORELLA","CountyArea":"SAN JOSE","DestinationCode":"20485","SixWordCode":""},{"Province":"DAVAO-DEL-NORTE","City":"DAVAO-DEL-NORTE-SANTO-TOMAS","CountyArea":"SAN JOSE","DestinationCode":"20557","SixWordCode":""},{"Province":"DAVAO-DEL-NORTE","City":"DAVAO-DEL-NORTE-SANTO-TOMAS","CountyArea":"TIBAL-OG (POB.)","DestinationCode":"20561","SixWordCode":""},{"Province":"DAVAO-DEL-NORTE","City":"DAVAO-DEL-NORTE-CARMEN","CountyArea":"TIBULAO","DestinationCode":"20408","SixWordCode":""},{"Province":"DAVAO-DEL-NORTE","City":"PANABO-CITY","CountyArea":"TIBUNGOL","DestinationCode":"20528","SixWordCode":""},{"Province":"DAVAO-DEL-NORTE","City":"KAPALONG","CountyArea":"TIBURCIA","DestinationCode":"20470","SixWordCode":""},{"Province":"DAVAO-DEL-NORTE","City":"TAGUM-CITY","CountyArea":"APOKON","DestinationCode":"20563","SixWordCode":""},{"Province":"DAVAO-DEL-NORTE","City":"ISLAND-GARDEN-CITY-OF-SAMAL","CountyArea":"CALICLIC (DANGCA-AN)","DestinationCode":"20417","SixWordCode":""},{"Province":"DAVAO-DEL-NORTE","City":"ASUNCION","CountyArea":"SONLON","DestinationCode":"20385","SixWordCode":""},{"Province":"DAVAO-DEL-NORTE","City":"ISLAND-GARDEN-CITY-OF-SAMAL","CountyArea":"TORIL","DestinationCode":"20456","SixWordCode":""},{"Province":"DAVAO-DEL-NORTE","City":"ISLAND-GARDEN-CITY-OF-SAMAL","CountyArea":"TAMBO","DestinationCode":"20455","SixWordCode":""},{"Province":"DAVAO-DEL-NORTE","City":"TAGUM-CITY","CountyArea":"VISAYAN VILLAGE","DestinationCode":"20585","SixWordCode":""},{"Province":"DAVAO-DEL-NORTE","City":"DAVAO-DEL-NORTE-CARMEN","CountyArea":"TUBOD","DestinationCode":"20409","SixWordCode":""},{"Province":"DAVAO-DEL-NORTE","City":"PANABO-CITY","CountyArea":"WATERFALL","DestinationCode":"20530","SixWordCode":""},{"Province":"DAVAO-DEL-NORTE","City":"BRAULIO-E.-DUJALI","CountyArea":"TANGLAW","DestinationCode":"20390","SixWordCode":""},{"Province":"DAVAO-DEL-NORTE","City":"ISLAND-GARDEN-CITY-OF-SAMAL","CountyArea":"AUMBAY","DestinationCode":"20413","SixWordCode":""},{"Province":"DAVAO-DEL-NORTE","City":"TAGUM-CITY","CountyArea":"LIBOGANON","DestinationCode":"20569","SixWordCode":""},{"Province":"DAVAO-DEL-NORTE","City":"KAPALONG","CountyArea":"LUNA","DestinationCode":"20462","SixWordCode":""},{"Province":"DAVAO-DEL-NORTE","City":"DAVAO-DEL-NORTE-SANTO-TOMAS","CountyArea":"LUNGAOG","DestinationCode":"20551","SixWordCode":""},{"Province":"DAVAO-DEL-NORTE","City":"DAVAO-DEL-NORTE-CARMEN","CountyArea":"ISING (POB.)","DestinationCode":"20396","SixWordCode":""},{"Province":"DAVAO-DEL-NORTE","City":"PANABO-CITY","CountyArea":"J.P. LAUREL","DestinationCode":"20499","SixWordCode":""},{"Province":"DAVAO-DEL-NORTE","City":"DAVAO-DEL-NORTE-SAN-ISIDRO","CountyArea":"LIBUTON","DestinationCode":"20535","SixWordCode":""},{"Province":"DAVAO-DEL-NORTE","City":"ISLAND-GARDEN-CITY-OF-SAMAL","CountyArea":"LICUP","DestinationCode":"20430","SixWordCode":""},{"Province":"DAVAO-DEL-NORTE","City":"ISLAND-GARDEN-CITY-OF-SAMAL","CountyArea":"LIMAO","DestinationCode":"20431","SixWordCode":""},{"Province":"DAVAO-DEL-NORTE","City":"PANABO-CITY","CountyArea":"MABUNAO","DestinationCode":"20507","SixWordCode":""},{"Province":"DAVAO-DEL-NORTE","City":"DAVAO-DEL-NORTE-CARMEN","CountyArea":"MABAUS","DestinationCode":"20398","SixWordCode":""},{"Province":"DAVAO-DEL-NORTE","City":"PANABO-CITY","CountyArea":"LITTLE PANAY","DestinationCode":"20505","SixWordCode":""},{"Province":"DAVAO-DEL-NORTE","City":"KAPALONG","CountyArea":"MABANTAO","DestinationCode":"20463","SixWordCode":""},{"Province":"DAVAO-DEL-NORTE","City":"ISLAND-GARDEN-CITY-OF-SAMAL","CountyArea":"KANAAN","DestinationCode":"20426","SixWordCode":""},{"Province":"DAVAO-DEL-NORTE","City":"TAGUM-CITY","CountyArea":"LA FILIPINA","DestinationCode":"20568","SixWordCode":""},{"Province":"DAVAO-DEL-NORTE","City":"DAVAO-DEL-NORTE-SANTO-TOMAS","CountyArea":"LA LIBERTAD","DestinationCode":"20550","SixWordCode":""},{"Province":"DAVAO-DEL-NORTE","City":"DAVAO-DEL-NORTE-SAN-ISIDRO","CountyArea":"IGANGON","DestinationCode":"20533","SixWordCode":""},{"Province":"DAVAO-DEL-NORTE","City":"PANABO-CITY","CountyArea":"KASILAK","DestinationCode":"20500","SixWordCode":""},{"Province":"DAVAO-DEL-NORTE","City":"KAPALONG","CountyArea":"KATIPUNAN","DestinationCode":"20461","SixWordCode":""},{"Province":"DAVAO-DEL-NORTE","City":"PANABO-CITY","CountyArea":"KATIPUNAN","DestinationCode":"20501","SixWordCode":""},{"Province":"DAVAO-DEL-NORTE","City":"PANABO-CITY","CountyArea":"KATUALAN","DestinationCode":"20502","SixWordCode":""},{"Province":"DAVAO-DEL-NORTE","City":"DAVAO-DEL-NORTE-SANTO-TOMAS","CountyArea":"KIMAMON","DestinationCode":"20548","SixWordCode":""},{"Province":"DAVAO-DEL-NORTE","City":"DAVAO-DEL-NORTE-SANTO-TOMAS","CountyArea":"KINAMAYAN","DestinationCode":"20549","SixWordCode":""},{"Province":"DAVAO-DEL-NORTE","City":"ISLAND-GARDEN-CITY-OF-SAMAL","CountyArea":"KINAWITNON","DestinationCode":"20427","SixWordCode":""},{"Province":"DAVAO-DEL-NORTE","City":"PANABO-CITY","CountyArea":"KIOTOY","DestinationCode":"20504","SixWordCode":""},{"Province":"DAVAO-DEL-NORTE","City":"DAVAO-DEL-NORTE-SAN-ISIDRO","CountyArea":"KIPALILI","DestinationCode":"20534","SixWordCode":""},{"Province":"DAVAO-DEL-NORTE","City":"TAGUM-CITY","CountyArea":"MAGUGPO NORTH","DestinationCode":"20573","SixWordCode":""},{"Province":"DAVAO-DEL-NORTE","City":"TAGUM-CITY","CountyArea":"MAGUGPO SOUTH","DestinationCode":"20575","SixWordCode":""},{"Province":"DAVAO-DEL-NORTE","City":"TAGUM-CITY","CountyArea":"MAGUGPO WEST","DestinationCode":"20576","SixWordCode":""},{"Province":"DAVAO-DEL-NORTE","City":"DAVAO-DEL-NORTE-CARMEN","CountyArea":"MANGALCAL","DestinationCode":"20401","SixWordCode":""},{"Province":"DAVAO-DEL-NORTE","City":"PANABO-CITY","CountyArea":"NANYO","DestinationCode":"20511","SixWordCode":""},{"Province":"DAVAO-DEL-NORTE","City":"ASUNCION","CountyArea":"NAPUNGAS","DestinationCode":"20377","SixWordCode":""},{"Province":"DAVAO-DEL-NORTE","City":"DAVAO-DEL-NORTE-SANTO-TOMAS","CountyArea":"MAGWAWA","DestinationCode":"20552","SixWordCode":""},{"Province":"DAVAO-DEL-NORTE","City":"KAPALONG","CountyArea":"MANIKI (POBLACION)","DestinationCode":"20465","SixWordCode":""},{"Province":"DAVAO-DEL-NORTE","City":"TAGUM-CITY","CountyArea":"MANKILAM","DestinationCode":"20577","SixWordCode":""},{"Province":"DAVAO-DEL-NORTE","City":"NEW-CORELLA","CountyArea":"MESAOY","DestinationCode":"20479","SixWordCode":""},{"Province":"DAVAO-DEL-NORTE","City":"BRAULIO-E.-DUJALI","CountyArea":"NEW CASAY","DestinationCode":"20389","SixWordCode":""},{"Province":"DAVAO-DEL-NORTE","City":"NEW-CORELLA","CountyArea":"NEW CORTEZ","DestinationCode":"20481","SixWordCode":""},{"Province":"DAVAO-DEL-NORTE","City":"DAVAO-DEL-NORTE-SANTO-TOMAS","CountyArea":"NEW KATIPUNAN","DestinationCode":"20553","SixWordCode":""},{"Province":"DAVAO-DEL-NORTE","City":"ASUNCION","CountyArea":"NEW LOON","DestinationCode":"20379","SixWordCode":""},{"Province":"DAVAO-DEL-NORTE","City":"PANABO-CITY","CountyArea":"NEW MALAGA (DALISAY)","DestinationCode":"20512","SixWordCode":""},{"Province":"DAVAO-DEL-NORTE","City":"DAVAO-DEL-NORTE-CARMEN","CountyArea":"MINDA","DestinationCode":"20402","SixWordCode":""},{"Province":"DAVAO-DEL-NORTE","City":"TAGUM-CITY","CountyArea":"NEW BALAMBAN","DestinationCode":"20578","SixWordCode":""},{"Province":"DAVAO-DEL-NORTE","City":"ASUNCION","CountyArea":"NEW BANTAYAN","DestinationCode":"20378","SixWordCode":""},{"Province":"DAVAO-DEL-NORTE","City":"DAVAO-DEL-NORTE-CARMEN","CountyArea":"NEW CAMILING","DestinationCode":"20403","SixWordCode":""},{"Province":"DAVAO-DEL-NORTE","City":"ISLAND-GARDEN-CITY-OF-SAMAL","CountyArea":"MONCADO (POB.)","DestinationCode":"20436","SixWordCode":""},{"Province":"DAVAO-DEL-NORTE","City":"DAVAO-DEL-NORTE-SAN-ISIDRO","CountyArea":"MONTE DUJALI","DestinationCode":"20538","SixWordCode":""},{"Province":"DAVAO-DEL-NORTE","City":"PANABO-CITY","CountyArea":"NEW PANDAN (POB.)","DestinationCode":"20514","SixWordCode":""},{"Province":"DAVAO-DEL-NORTE","City":"ASUNCION","CountyArea":"NEW SANTIAGO","DestinationCode":"20380","SixWordCode":""},{"Province":"DAVAO-DEL-NORTE","City":"PANABO-CITY","CountyArea":"NEW VISAYAS","DestinationCode":"20515","SixWordCode":""},{"Province":"DAVAO-DEL-NORTE","City":"NEW-CORELLA","CountyArea":"MACGUM","DestinationCode":"20477","SixWordCode":""},{"Province":"DAVAO-DEL-NORTE","City":"TAGUM-CITY","CountyArea":"MADAUM","DestinationCode":"20570","SixWordCode":""},{"Province":"DAVAO-DEL-NORTE","City":"PANABO-CITY","CountyArea":"MADUAO","DestinationCode":"20508","SixWordCode":""},{"Province":"DAVAO-DEL-NORTE","City":"ASUNCION","CountyArea":"MAGATOS","DestinationCode":"20376","SixWordCode":""},{"Province":"DAVAO-DEL-NORTE","City":"TAGUM-CITY","CountyArea":"MAGDUM","DestinationCode":"20571","SixWordCode":""},{"Province":"DAVAO-DEL-NORTE","City":"DAVAO-DEL-NORTE-SAN-ISIDRO","CountyArea":"MAMANGAN","DestinationCode":"20537","SixWordCode":""},{"Province":"DAVAO-DEL-NORTE","City":"ISLAND-GARDEN-CITY-OF-SAMAL","CountyArea":"MAMBAGO-B","DestinationCode":"20434","SixWordCode":""},{"Province":"DAVAO-DEL-NORTE","City":"DAVAO-DEL-NORTE-SAN-ISIDRO","CountyArea":"DATU BALONG","DestinationCode":"20532","SixWordCode":""},{"Province":"DAVAO-DEL-NORTE","City":"DAVAO-DEL-NORTE-SANTO-TOMAS","CountyArea":"ESPERANZA","DestinationCode":"20547","SixWordCode":""},{"Province":"DAVAO-DEL-NORTE","City":"KAPALONG","CountyArea":"GUPITAN","DestinationCode":"20460","SixWordCode":""},{"Province":"DAVAO-DEL-NORTE","City":"PANABO-CITY","CountyArea":"CONSOLACION","DestinationCode":"20495","SixWordCode":""},{"Province":"DAVAO-DEL-NORTE","City":"KAPALONG","CountyArea":"FLORIDA","DestinationCode":"20458","SixWordCode":""},{"Province":"DAVAO-DEL-NORTE","City":"TAGUM-CITY","CountyArea":"CUAMBOGAN","DestinationCode":"20567","SixWordCode":""},{"Province":"DAVAO-DEL-NORTE","City":"BRAULIO-E.-DUJALI","CountyArea":"DUJALI","DestinationCode":"20387","SixWordCode":""},{"Province":"DAVAO-DEL-NORTE","City":"KAPALONG","CountyArea":"GABUYAN","DestinationCode":"20459","SixWordCode":""},{"Province":"DAVAO-DEL-NORTE","City":"NEW-CORELLA","CountyArea":"EL SALVADOR","DestinationCode":"20475","SixWordCode":""},{"Province":"DAVAO-DEL-NORTE","City":"DAVAO-DEL-NORTE-SAN-ISIDRO","CountyArea":"DACUDAO","DestinationCode":"20531","SixWordCode":""},{"Province":"DAVAO-DEL-NORTE","City":"TALAINGOD","CountyArea":"DAGOHOY","DestinationCode":"20586","SixWordCode":""},{"Province":"DAVAO-DEL-NORTE","City":"ISLAND-GARDEN-CITY-OF-SAMAL","CountyArea":"DEL MONTE","DestinationCode":"20424","SixWordCode":""},{"Province":"DAVAO-DEL-NORTE","City":"NEW-CORELLA","CountyArea":"DEL MONTE","DestinationCode":"20473","SixWordCode":""},{"Province":"DAVAO-DEL-NORTE","City":"ISLAND-GARDEN-CITY-OF-SAMAL","CountyArea":"CAWAG","DestinationCode":"20420","SixWordCode":""},{"Province":"DAVAO-DEL-NORTE","City":"DAVAO-DEL-NORTE-CARMEN","CountyArea":"CEBULANO","DestinationCode":"20394","SixWordCode":""},{"Province":"DAVAO-DEL-NORTE","City":"PANABO-CITY","CountyArea":"GREDU (POB.)","DestinationCode":"20498","SixWordCode":""},{"Province":"DAVAO-DEL-NORTE","City":"DAVAO-DEL-NORTE-CARMEN","CountyArea":"GUADALUPE","DestinationCode":"20395","SixWordCode":""},{"Province":"DAVAO-DEL-NORTE","City":"ISLAND-GARDEN-CITY-OF-SAMAL","CountyArea":"GUILON","DestinationCode":"20425","SixWordCode":""},{"Province":"DAVAO-DEL-NORTE","City":"PANABO-CITY","CountyArea":"DAPCO","DestinationCode":"20496","SixWordCode":""},{"Province":"DAVAO-DEL-NORTE","City":"ISLAND-GARDEN-CITY-OF-SAMAL","CountyArea":"COGON","DestinationCode":"20421","SixWordCode":""},{"Province":"DAVAO-DEL-NORTE","City":"ISLAND-GARDEN-CITY-OF-SAMAL","CountyArea":"COGON (TALICOD)","DestinationCode":"20422","SixWordCode":""},{"Province":"DAVAO-DEL-NORTE","City":"ASUNCION","CountyArea":"BUAN","DestinationCode":"20367","SixWordCode":""},{"Province":"DAVAO-DEL-NORTE","City":"ISLAND-GARDEN-CITY-OF-SAMAL","CountyArea":"PENAPLATA (POB.)","DestinationCode":"20438","SixWordCode":""},{"Province":"DAVAO-DEL-NORTE","City":"NEW-CORELLA","CountyArea":"PATROCENIO","DestinationCode":"20483","SixWordCode":""},{"Province":"DAVAO-DEL-NORTE","City":"KAPALONG","CountyArea":"SEMONG","DestinationCode":"420414","SixWordCode":""},{"Province":"DAVAO-DEL-NORTE","City":"KAPALONG","CountyArea":"SAMPAO","DestinationCode":"420415","SixWordCode":""},{"Province":"DAVAO-DEL-NORTE","City":"DAVAO-DEL-NORTE-SANTO-TOMAS","CountyArea":"CASIG-ANG","DestinationCode":"20546","SixWordCode":""},{"Province":"DAVAO-DEL-NORTE","City":"ASUNCION","CountyArea":"CAMBANOGOY (POB.)","DestinationCode":"20371","SixWordCode":""},{"Province":"DAVAO-DEL-NORTE","City":"KAPALONG","CountyArea":"SUA-ON","DestinationCode":"20469","SixWordCode":""},{"Province":"DAVAO-DEL-NORTE","City":"NEW-CORELLA","CountyArea":"SANTA CRUZ","DestinationCode":"20487","SixWordCode":""},{"Province":"DAVAO-DEL-NORTE","City":"ISLAND-GARDEN-CITY-OF-SAMAL","CountyArea":"DADATAN","DestinationCode":"20423","SixWordCode":""},{"Province":"DAVAO-DEL-NORTE","City":"ASUNCION","CountyArea":"BINANCIAN","DestinationCode":"420252","SixWordCode":""},{"Province":"DAVAO-DEL-NORTE","City":"ASUNCION","CountyArea":"CONCEPCION","DestinationCode":"20374","SixWordCode":""},{"Province":"DAVAO-DEL-NORTE","City":"ASUNCION","CountyArea":"DONA ANDREA","DestinationCode":"20375","SixWordCode":""},{"Province":"DAVAO-DEL-NORTE","City":"NEW-CORELLA","CountyArea":"LIMBA-AN","DestinationCode":"20476","SixWordCode":""},{"Province":"DAVAO-DEL-NORTE","City":"KAPALONG","CountyArea":"MAMACAO","DestinationCode":"20464","SixWordCode":""},{"Province":"DAVAO-DEL-NORTE","City":"TAGUM-CITY","CountyArea":"MAGUGPO POBLACION","DestinationCode":"20574","SixWordCode":""},{"Province":"DAVAO-DEL-NORTE","City":"NEW-CORELLA","CountyArea":"DEL PILAR","DestinationCode":"20474","SixWordCode":""},{"Province":"DAVAO-DEL-NORTE","City":"PANABO-CITY","CountyArea":"NEW MALITBOG","DestinationCode":"20513","SixWordCode":""},{"Province":"DAVAO-DEL-NORTE","City":"DAVAO-DEL-NORTE-CARMEN","CountyArea":"TUGANAY","DestinationCode":"20410","SixWordCode":""},{"Province":"DAVAO-DEL-NORTE","City":"ISLAND-GARDEN-CITY-OF-SAMAL","CountyArea":"MIRANDA (POB.)","DestinationCode":"20435","SixWordCode":""},{"Province":"DAVAO-DEL-NORTE","City":"NEW-CORELLA","CountyArea":"NEW BOHOL","DestinationCode":"20480","SixWordCode":""},{"Province":"DAVAO-DEL-NORTE","City":"ISLAND-GARDEN-CITY-OF-SAMAL","CountyArea":"TAGPOPONGAN","DestinationCode":"20454","SixWordCode":""},{"Province":"DAVAO-DEL-NORTE","City":"DAVAO-DEL-NORTE-CARMEN","CountyArea":"ALEJAL","DestinationCode":"20391","SixWordCode":""},{"Province":"DAVAO-DEL-NORTE","City":"PANABO-CITY","CountyArea":"SOUTHERN DAVAO","DestinationCode":"20526","SixWordCode":""},{"Province":"DAVAO-DEL-NORTE","City":"PANABO-CITY","CountyArea":"MALATIVAS","DestinationCode":"20509","SixWordCode":""},{"Province":"DAVAO-DEL-NORTE","City":"DAVAO-DEL-NORTE-SANTO-TOMAS","CountyArea":"NEW VISAYAS","DestinationCode":"20554","SixWordCode":""},{"Province":"DAVAO-DEL-NORTE","City":"ISLAND-GARDEN-CITY-OF-SAMAL","CountyArea":"MAMBAGO-A","DestinationCode":"20433","SixWordCode":""},{"Province":"DAVAO-DEL-NORTE","City":"NEW-CORELLA","CountyArea":"MAMBING","DestinationCode":"20478","SixWordCode":""},{"Province":"DAVAO-DEL-NORTE","City":"DAVAO-DEL-NORTE-CARMEN","CountyArea":"MABUHAY","DestinationCode":"20399","SixWordCode":""},{"Province":"DAVAO-DEL-NORTE","City":"DAVAO-DEL-NORTE-CARMEN","CountyArea":"MAGSAYSAY","DestinationCode":"20400","SixWordCode":""},{"Province":"DAVAO-DEL-NORTE","City":"PANABO-CITY","CountyArea":"MANAY","DestinationCode":"20510","SixWordCode":""},{"Province":"DAVAO-DEL-NORTE","City":"TAGUM-CITY","CountyArea":"SAN AGUSTIN","DestinationCode":"20582","SixWordCode":""},{"Province":"DAVAO-DEL-NORTE","City":"ISLAND-GARDEN-CITY-OF-SAMAL","CountyArea":"LIBERTAD","DestinationCode":"20428","SixWordCode":""},{"Province":"DAVAO-DEL-NORTE","City":"BRAULIO-E.-DUJALI","CountyArea":"MAGUPISING","DestinationCode":"20388","SixWordCode":""},{"Province":"DAVAO-DEL-NORTE","City":"DAVAO-DEL-NORTE-CARMEN","CountyArea":"LA PAZ","DestinationCode":"20397","SixWordCode":""},{"Province":"DAVAO-DEL-NORTE","City":"ISLAND-GARDEN-CITY-OF-SAMAL","CountyArea":"LINOSUTAN","DestinationCode":"20432","SixWordCode":""},{"Province":"DAVAO-DEL-NORTE","City":"PANABO-CITY","CountyArea":"DATU ABDUL DADIA","DestinationCode":"20497","SixWordCode":""},{"Province":"DAVAO-DEL-NORTE","City":"PANABO-CITY","CountyArea":"KAUSWAGAN","DestinationCode":"20503","SixWordCode":""},{"Province":"DAVAO-DEL-NORTE","City":"TAGUM-CITY","CountyArea":"MAGUGPO EAST","DestinationCode":"20572","SixWordCode":""},{"Province":"DAVAO-DEL-NORTE","City":"DAVAO-DEL-NORTE-SANTO-TOMAS","CountyArea":"TULALIAN","DestinationCode":"20562","SixWordCode":""},{"Province":"DAVAO-DEL-NORTE","City":"ISLAND-GARDEN-CITY-OF-SAMAL","CountyArea":"LIBUAK","DestinationCode":"20429","SixWordCode":""},{"Province":"DAVAO-DEL-NORTE","City":"DAVAO-DEL-NORTE-SAN-ISIDRO","CountyArea":"LINAO","DestinationCode":"20536","SixWordCode":""},{"Province":"DAVAO-DEL-NORTE","City":"PANABO-CITY","CountyArea":"LOWER PANAGA (ROXAS)","DestinationCode":"20506","SixWordCode":""},{"Province":"DAVAO-DEL-NORTE","City":"NEW-CORELLA","CountyArea":"NEW SAMBOG","DestinationCode":"20482","SixWordCode":""},{"Province":"DAVAO-DEL-NORTE","City":"ISLAND-GARDEN-CITY-OF-SAMAL","CountyArea":"PEÑAPLATA (POB.)","DestinationCode":"42350","SixWordCode":""},{"Province":"DAVAO-DEL-NORTE","City":"DAVAO-DEL-NORTE-SANTO-TOMAS","CountyArea":"BALAGUNAN","DestinationCode":"20544","SixWordCode":""},{"Province":"DAVAO-DEL-NORTE","City":"ISLAND-GARDEN-CITY-OF-SAMAL","CountyArea":"SAN ISIDRO (KAPUTIAN)","DestinationCode":"20443","SixWordCode":""},{"Province":"DAVAO-DEL-NORTE","City":"ISLAND-GARDEN-CITY-OF-SAMAL","CountyArea":"SION (ZION)","DestinationCode":"20449","SixWordCode":""},{"Province":"DAVAO-DEL-NORTE","City":"ISLAND-GARDEN-CITY-OF-SAMAL","CountyArea":"SAN MIGUEL (MAGAMONO)","DestinationCode":"20445","SixWordCode":""},{"Province":"DAVAO-DEL-NORTE","City":"BRAULIO-E.-DUJALI","CountyArea":"CABAY-ANGAN","DestinationCode":"20386","SixWordCode":""},{"Province":"DAVAO-DEL-NORTE","City":"PANABO-CITY","CountyArea":"UPPER LICANAN","DestinationCode":"20529","SixWordCode":""},{"Province":"DAVAO-DEL-NORTE","City":"ISLAND-GARDEN-CITY-OF-SAMAL","CountyArea":"ADECOR","DestinationCode":"20411","SixWordCode":""},{"Province":"DAVAO-DEL-NORTE","City":"KAPALONG","CountyArea":"SEMONG (SAMPAO)","DestinationCode":"20468","SixWordCode":""},{"Province":"DAVAO-DEL-NORTE","City":"ISLAND-GARDEN-CITY-OF-SAMAL","CountyArea":"CATAGMAN","DestinationCode":"20419","SixWordCode":""},{"Province":"DAVAO-DEL-NORTE","City":"DAVAO-DEL-NORTE-SAN-ISIDRO","CountyArea":"SAN MIGUEL","DestinationCode":"20541","SixWordCode":""}]